username,password,fullname,mobile,email
admin,BCS@2026,User with all administrator's rules,,khoshoueyae@gupco.net
readonly,readonly,User without editing  rules,,khoshoueyae@gupco.net
fsaez,DRAGON2025,Faisa Omar Saez,,fsaez@dragonoil.com
davi1y,E0200,JAMES Daviesj,,davi1y@dragonoil.com
robip,E0201,Peter Robinson,,robip@dragonoil.com
thad,E078,Thad Prather,,thad@dragonoil.com
kandiloa,6491,Osama Ahmed Kandil,,kandiloa@gupco.net
elellann,6546,Nasser Nageh,,elellann@gupco.net
elshamyma,6814,Mohamed  El-Shamy,,elshamyma@gupco.net
lellama,6830,Mohamed Abo El-Elela,,lellama@gupco.net
aliemex,6854,Essam Abd El-Alim,,aliemex@gupco.net
elsemaryhb,6922,Ehab Aly Elsedek Elsemary,,elsemaryhb@gupco.net
tawfikam,6961,Ahmed Tawfik,,tawfikam@gupco.net
magiedha,6967,Hatem Abd El-Zaher,,magiedha@gupco.net
gawadem,6989,Ezzat Abd El-Gawad,,gawadem@gupco.net
abdelazizo,7082,Osama Abd El-Aziz,,abdelazizo@gupco.net
khalilsm,7119,Shrief Mohamed Khalil,,khalilsm@gupco.net
saidmm,7141,Mohamed Mohamed Said,,saidmm@gupco.net
ibrahimmg,7154,Mahdy Gouda Abd Elaziz,,ibrahimmg@gupco.net
shehatama,7246,Mohamad Ahamed Shehata Waked,,shehatama@gupco.net
khodaryam,7260,Ashraf Mostafa Ibrahim El-Khodary,,khodaryam@gupco.net
alyma,7261,Maher Abd El-Twab Aly Hasan,,alyma@gupco.net
esmailmm,7317,Mahmoud Mohamed Ismail,,esmailmm@gupco.net
saberws,7390,Waleed Samy Saber,,saberws@gupco.net
sayedk,7424,Khaled Sayed,,sayedk@gupco.net
hamidya,7439,Yaser Ahmed A/Hamid Aly Mansour,,hamidya@gupco.net
khoshoueyae,7540,Ayman El-Said  A/Wahed  Khoshouey,1018002225,khoshoueyae@gupco.net
ibrahimhe,7543,Hany Ibrahim El-Sayed,,ibrahimhe@gupco.net
shakerah1,7550,Ahmed Hassan Mohamed Shaker Mahmoud,,shakerah1@gupco.net
mansourae,7556,Ahmed A/Malek A/Aal Mansour,,mansourae@gupco.net
elzaherda,7557,Diaa Abd El-Zaher Mohamed Hammoda,,elzaherda@gupco.net
mahmoudmh,7690,Mahmoud Ashor,,mahmoudmh@gupco.net
fathyom,7699,Osama Ahmed Fathy Almanfey,,fathyom@gupco.net
aallamm,7704,Mohamed Mostafa Abd Alla,,aallamm@gupco.net
salemm,7721,Mahmoud Salem Mahmoud Salem,,salemm@gupco.net
rcfacimrf,7859,Mohamed Refat Ahmed Refaiy,,rcfacimrf@gupco.net
rahmanmma,7882,Mostafa Moh. A/Rahman Abdelrahim,,rahmanmma@gupco.net
shafeyma,7994,MOHAMED AHMED A/SHAFY IBRAHIM A/HAY,,shafeyma@gupco.net
eldesouky,8004,Mohamed Ibrahim Eldesoky,,eldesouky@gupco.net
zakaria,8007,Abd Allah Ragab Zakaria,,zakaria@gupco.net
abouraya,8013,Mohamed Samy Ahmed Abouraya,,abouraya@gupco.net
ibrahimwi,8029,Wael Ibrahim Ibrahim Abd-Elgawad,,ibrahimwi@gupco.net
darweshmm,8057,Mostafa Mahmoud Mostafa Darwish,,darweshmm@gupco.net
badryam,8090,Adel Mohamed Maarouf El-Badry,,badryam@gupco.net
badawimm,8094,Mohamed Mamdouh Mahmoud Badawi,,badawimm@gupco.net
yakoobmn,8098,Mohamed Mahmoud Ahmed Yakoub,,yakoobmn@gupco.net
mohamedif,8228,Islam Fathy Mohamed Hamouda Rakha,,mohamedif@gupco.net
moghazyzm,8271,Abdelrahman Mahmoud Moghazy Ahmed,,moghazyzm@gupco.net
ibrahimw,8320,Wael Ibrahim Abdelkader,,ibrahimw@gupco.net
elsayedha1,8321,Hassan Ali Elsayed Ahmed,,elsayedha1@gupco.net
abdallaam,8335,Abdallah A/Fattah Mostafa Hanafy,,abdallaam@gupco.net
mohamedys,8338,Youssef Shaaban Moh. Abdelmohsen,,mohamedys@gupco.net
ahmedme1,8378,MAHMOUD EL-DAIF AHMED MOHAMED,,ahmedme1@gupco.net
wahedaa,8379,Ahmed Mohamed Ahmed,,wahedaa@gupco.net
dahorgme,8380,Magdy Esmat Hamed Dahrog,,dahorgme@gupco.net
hamdyge,8381,GALAL ELDIN HAMDY TAHA MAATOUK,,hamdyge@gupco.net
ashryre,8384,Rehan ElAshry Askar,,ashryre@gupco.net
serrya,8385,Abd Elrahman Serry,,serrya@gupco.net
belaityem,8386,EMAD MOHAMED MOHAMED EL-BELAITY,,belaityem@gupco.net
gamalmw,8387,MOHAMED WAHBA GAMAL WAHBA,,gamalmw@gupco.net
elsayeda1,8389,AHMED IBRAHIM ELSAYED IBRAHIM,,elsayeda1@gupco.net
khalifawm,8393,Waleed Khalifa,,khalifawm@gupco.net
bayomyai,8394,Ahmed Ibrahim Bayomy,,bayomyai@gupco.net
moustafaia,8407,ISLAM AHMED MOSTAFA AHMED,,moustafaia@gupco.net
mandorma,8408,MOSTAFA AHMED A/MONEIM ABDELMONEIM,,mandorma@gupco.net
eidha,8412,Hossam Abouelsoud Eid El-Hasanein,,eidha@gupco.net
roshdyin,8446,Ibrahim Nabil Ibrahim,,roshdyin@gupco.net
wakelha,8658,Hassan Abd Elaziz El Wakel,,wakelha@gupco.net
ramadanm2,8659,Mahmoud Ahmed El-Said El Nabawy,,ramadanm2@gupco.net
yassenae,8734,Amr El Sayed Yassien Ali,,yassenae@gupco.net
samyam,8769,Ahmed Samy,,samyam@gupco.net
mousamm1,8770,Mohamed Mahdi Aly,,mousamm1@gupco.net
ramdanay,8781,Ahmed Yehia Ahmed Ramadan,,ramdanay@gupco.net
hazemkm,8782,Khaled Mohammed Hazem,,hazemkm@gupco.net
elbannaag,8787,Ahmed Gamal Elsadk,,elbannaag@gupco.net
atefam,8797,Alaa Mohammed Atef,,atefam@gupco.net
halimia,8811,Ibrahim A/ Haliem A/ Haliem,,halimia@gupco.net
nabilmm,8814,Mostafa Nabil Mostafa Moh.,,nabilmm@gupco.net
azizmi,8823,Mostafa Ibrahim Aziz,,azizmi@gupco.net
fataham,8826,Amr Mostafa Abd El Fatah,,fataham@gupco.net
kamalkh,8827,Khaled Helmy Kamal,,kamalkh@gupco.net
elnagarmb,8830,Mohammed Belal Shoukr El Nagar,,elnagarmb@gupco.net
karimrm,8831,Ramadan Mohamed Abdelkareem,,karimrm@gupco.net
hameda1,8842,Ayman Mohamed Hamed,,hameda1@gupco.net
ragabrh,8860,Ramy Hussein Ragab,,ragabrh@gupco.net
aliaae,8939,Ahmed Bdelaziz Ali,,aliaae@gupco.net
attallahms,8944,Mohamed Attalla Soliman,,attallahms@gupco.net
elsayedaam,8953,Ahmed Abomoslm Elsayed,,elsayedaam@gupco.net
baghdadyma,8955,Mohamed Ahmed Hassan Boghdady,,baghdadyma@gupco.net
mohamedmhu,8957,Mostafa Mohamed Hassanein,,mohamedmhu@gupco.net
shaabanmmm,8960,Mahmoud Mohammed Shaaban,,shaabanmmm@gupco.net
alimmm,8969,Medhat Mostafa Ali,,alimmm@gupco.net
mohamedmg,8970,Mohamed Gamal Mohamed,,mohamedmg@gupco.net
salamaas,8972,Abdelslam Ali Abdelsalam,,salamaas@gupco.net
badawyam,8987,Ahmed Mahmoud Elbadawy Elshamy,,badawyam@gupco.net
soltanms,8996,Mahmoud Saad Soltan,,soltanms@gupco.net
abdelwahabmm,8997,Moataz Mohamed Abdel Wahab Abdel Salam,,abdelwahabmm@gupco.net
shehatamm,8998,Mahmoud Mohamed Mohamed Shehata,,shehatamm@gupco.net
gabrma,9000,Mahmoud Amin Mostafa Bakr,,gabrma@gupco.net
abdelkhalkae,9006,Abd Allah Abd El Khalk,,abdelkhalkae@gupco.net
afifibm,9008,Belal Mohamed Afife,,afifibm@gupco.net
saidmf,9097,Mohamed Fathy El Sayed,,saidmf@gupco.net
husseinkh,9098,Kareem Hassan Hussein,,husseinkh@gupco.net
baseemah,9137,Ahmed Mahmoud Hamdy Bessem,,baseemah@gupco.net
ibrahimaab,9315,Ahmed Abdellatif ibrahim,,ibrahimaab@gupco.net
elnaggarms,9326,Mohamed Samir Ibrahim,,elnaggarms@gupco.net
safwatas,9380,Abdelrahman Safwat Ali,,safwatas@gupco.net
hamdyms,9403,Mohamed Samir Hamdy,,hamdyms@gupco.net
mansourok,9409,Omar Khalid Mansour,,mansourok@gupco.net
adelam,9434,Ahmed Mohamed,,adelam@gupco.net
abdelrazekmm,9506,Mostafa Abdelrazek,,abdelrazekmm@gupco.net
hamidama,9510,Ahmed Mohamed Abdelhamid,,hamidama@gupco.net
ibrahimyaa,9539,Youssef Arafa Ibrahim,,ibrahimyaa@gupco.net
abdelwahabaa,9648,Abdelrahman Mohamed Abdelfatah,,abdelwahabaa@gupco.net
mm,6972,Yasser Mahmoud Mohamed Bakr,,
osmanemi,7546,Emad Mohamed Osman,,
mohamedyz,8052,Yehia Zakareya Mohamed Abdelsalam,,
helalmr,8464,Mohamed Ramzy Mohamed,,
pu,C4769,Mostafa A/Elkrim Ahmed,,
clloyd,CLLOYD,Lloyd Company,,
foadwm,EMC2108,Waled Mohamed Ahmed Fouad,,
godamm,EMC2812016,Mohamed Adel Mahmoud Moustafa Goda,,
saberws,7390,Waleed Samy Saber,,
sayedk,7424,Khaled Sayed,,
mahmoudmh,7690,Mahmoud Ashor,,
fathyom,7699,Osama Ahmed Fathy Almanfey,,
mm,7823,Aly Ibrahim Mohamed,,
mm,7855,Ahmed Mahmoud Khayry,,
mm,7856,Elsayd Mohamed Beder Sayd,,
mm,7858,Osama Kamal Ebeid Eweida Ahmed,,
mm,7870,Mohamed Omar Abd El-Ghaffar,,
mm,7875,Reda Basyouny El-Shenawi,,
mm,7880,Hosen Dahy Hosen,,
mm,7921,Mohamed Ahmed Abd El-Shakor,,
mm,7941,Mohamed Hasan Aly Haragy,,
eldesouky,8004,Mohamed Ibrahim Eldesoky,,
zakaria,8007,Abd Allah Ragab Zakaria,,
ibrahimwi,8029,Wael Ibrahim Ibrahim Abd-Elgawad,,
badawimm,8094,Mohamed Mamdouh Mahmoud Badawi,,
mm,8117,Mostafa Ahmed Atta Elsayed,,
mm,8170,Mohamed Khaled Elwy,,
mm,8195,Baha Gamal Mohamed,,
mm,8203,Zead Refay Elsayd,,
mm,8204,Hosam Lotfy Esmail,,
mm,8218,Mohamed Shaban Ahmed,,
mm,8226,Hamada Lotfy Elsayd,,
ahmedme1,8378,MAHMOUD EL-DAIF AHMED MOHAMED,,
khalifawm,8393,Waleed Khalifa,,
mm,8452,Yasser Shaaban abd-Elrahman,,
mm,8458,Ahmed abd-Elghany Elshenny,,
mm,8595,Ibrahim Naser Ibrahim,,
wakelha,8658,Hassan Abd Elaziz El Wakel,,
ramadanm2,8659,Mahmoud Ahmed El-Said El Nabawy,,
mm,8806,Mohamed Ahmed Osman,,
kamalkh,8827,Khaled Helmy Kamal,,
karimrm,8831,Ramadan Mohamed Abdelkareem,,
hameda1,8842,Ayman Mohamed Hamed,,
aliaae,8939,ahmed Abdelaziz ali,,
attallahms,8944,Mohamed Attalla Soliman,,
elsayedaam,8953,Ahmed Abomoslm Elsayed,,
baghdadyma,8955,Mohamed Ahmed Hassan Boghdady,,
alimmm,8969,Medhat Mostafa Ali,,
mm,9021,Mohamed Sayed Abdelazim,,
baseemah,9137,Ahmed Mahmoud Hamdy Bessem,,
safwatas,9380,Abdelrahman Safwat Ali,,
hamdyms,9403,Mohamed Samir Hamdy,,
mansourok,9409,Omar Khalid Mansour,,
mm,9643,Abdelrahman Adel Rayan Abo-Zied,,
mm,C102417,Mohamed Fathy Tolba,,
mm,C106099,Mahmoud Badrey Mohamed,,
mm,C109827,Saeied Sobhey Ahmed,,
mm,C121288,Yasser Mohamed A Halim,,
mm,C12203,Badrey Ibrahim Badrey,,
mm,C123286,Anas Gad El-Rab El-Desoky,,
mm,C130163,Hamada Abdo Elsadek,,
mm,C130275,Abdel Hameed A Salam Alaa,,
mm,C1319,Mostafa Ahmed Hegazy,,
mm,C13210,Ameer Mohamed Sayed Yousef,,
mm,C13540,Ahmed Mohamed Ahmed Aly,,
mm,C15712,Haney Mahmoud Ahmed,,
mm,C178669,Ashraf Abd El Latef Badr,,
mm,C18356,Masoud Ibrahim Easa,,
mm,C18947,Mohamed Fathy Anany,,
mm,C19143,Osama Mahmoud Ibrahim,,
mm,C196070,Mohamed Saad Aly Mohamed,,
mm,C1981,Hesham Saad Rashed,,
mm,C219587,Sameh Ramadan Hassan,,
mm,C21981,Hesham Said Rashed,,
mm,C22108,Ahmed Ali mohamed Ali,,
mm,C22203,Mohamed Mortada Elsghir,,
mm,C22544,Mohamed Mahmoud Ismail,,
mm,C2464,Mahmoud Hassan Ibrahim,,
mm,C2465,Moustafa Ibrahim Mohamed,,
mm,C2466,Emad Komiel Zaki Tadrous,,
mm,C2467,Mawad Houseen Mohamed,,
mm,C2468,Attallah Aly Hassan,,
mm,C2470,Elsaed Mohamed Seddeek,,
mm,C2471,Khaled Abd El-Rehim Faramawy,,
mm,C2472,Osama Aly Saeyd,,
mm,C2473,Abd El-Baset Mahmoud Abd El-Hamid,,
mm,C2477,Ashref Ahmed Ahmed Kenawi,,
mm,C24771,Mamdouh Ibrahim Saber,,
mm,C24772,Mostafa Farouk Darwiesh,,
mm,C2478,Mahamed Hassan Aly Aly,,
mm,C2479,Hamdy Abd-Elazez Abo-Elela,,
mm,C2480,Mohamed Ebeid Eldawy Mohamed,,
mm,C2481,Ashraf Altuhamy Konsouh,,
mm,C2482,Mahmoud Abd El-Aziz Ali Elsnari,,
mm,C2484,Sayed Mohamed Osman Sayed,,
mm,C2485,Yaser Mohamed Abd El-Halim Gaad,,
mm,C2486,Osamah Mahmoud Ibrahim,,
mm,C2487,Saeid Sobhy Ahmed,,
mm,C2488,Farag Abd Alla Mohamed,,
mm,C2493,Ehab Khalifa Mohamed Mohamed,,
mm,C2494,Mohamed Ibrahim Sayed Dsouki,,
mm,C2495,Karim Mohamed Aly Mobarak,,
mm,C2496,Reda Basuny Mohamed El-Shenawy,,
mm,C2497,Alaa Abd El-Azim Saleh,,
mm,C2498,Ahmed Yousry Kenawy,,
mm,C2501,Samh Ramadan Hassaan,,
mm,C2502,Masaoud Ibrahim Eissa,,
mm,C2503,Mohamed Omar Abdelghafar,,
mm,C2504,Amro Attallah Aly Hassan,,
mm,C2505,Mahmoud Badry Mahmoud Ismaeil,,
mm,C2506,Hamada Ibrahim Taha,,
mm,C2507,Hany A. Wahab Mohamed,,
mm,C2508,Elhady Mohamed Elshahat,,
mm,C2509,Osama Kamal Ebeid Ewida,,
mm,C2510,Ahmed Aly Abady Mohamed,,
mm,C2511,Waeel Sayed Mohamed Gafar,,
mm,C2531,Ahmed Hassan A. Aziz,,
mm,C2532,Ahmed Mahmoud Hassan,,
mm,C2540,Abd Allah Ahmed Houseen,,
mm,C2541,Alaa Mohamed A. Elradi,,
mm,C2548,Saed Kasem Aly Kasem,,
mm,C2549,Ahmed Mahoud Khairy Mohamed,,
mm,C2550,Mahmoud Dahy Mohamed Ebrahym,,
mm,C2551,Attalla Ahmed Masouad,,
mm,C2552,Ahmed Mohamed Elsadek,,
mm,C2553,Elsayed Mohamed Bder Sayed,,
mm,C2554,Ashraf Abd El-Latif Badr,,
mm,C2555,Eikry Talaat Aly Mohamed,,
mm,C2556,Wefky Aissa Ahmed,,
mm,C2557,Mohamed Fathy Tolba Gabr,,
mm,C2558,Hassanein El Zentati,,
mm,C2559,Abd El-Rahem Abd El-Kader Hassan,,
mm,C2560,Sobhy Mohamed Shaban Mohamed,,
mm,C2561,Hamdy Ragab Abo El-Maaty,,
mm,C2563,Mohamed Ahmed Aly Balwy,,
mm,C2564,Esam Abd El-Salam Mahmoud,,
mm,C2565,Mohamed Fathi Anani Mahmoud,,
mm,C2566,Aly Ibrahim Mohamed Ahmed,,
mm,C2567,Saeed Moustafa Elshek,,
mm,C2568,Mohamed El-Sayd Abd Allah,,
mm,C2596,Hosam Yassen Sayd Ahmed Al-Gazar,,
mm,C2603,Mahmoud Ahmed Mohamed Taha,,
mm,C2628,Attalla Ahmed Masoud,,
mm,C270143,Osama Kamal Ebad,,
mm,C2889,Gomaa Hassan Mohamed,,
mm,C2980,Ahmed Hefny Mohamed Hefny,,
mm,C31312,Mahmoud Fekry Mohamed,,
mm,C32039,Ahmed Yosery Kenawee,,
mm,C32103,Mahmoud Ahmed Mahmoud,,
mm,C32230,Karim Mohamed Moubarak,,
mm,C32410,Waleed Mohamed Ahmed,,
mm,C33114,Mohamed A Rahim Elfaramawee,,
mm,C33407,Ashraf Eltohamt Knosouh,,
mm,C33605,Amro Attallah Aly Hassan,,
mm,C33653,Ahmed Ezz Eldeen Omar,,
mm,C33694,Ahmed Mossad Ahmed,,
mm,C34932,Gamal Ahmed Yaseen,,
mm,C3558,Mohamed Hassan Ahmed,,
mm,C3566,Mostafa Kamel Mahmoud,,
mm,C3765,Mostafa Abd El Kreem Ahmed,,
mm,C37942,Mostafa Abd Elkareem Ahmed,,
mm,C37983,Mostafa Hady Mahmoud,,
mm,C38171,Mohamed Osama Abd-Elfatah,,
mm,C3848,Hasanin Elzanataty,,
mm,C3905,Ramadan Ehmed Eltaher,,
mm,C441850,Hamada Ragab A Moty,,
mm,C4558,Mahmoud Abd Alaziz,,
mm,C4750,Ahmed Huseen Mohamed,,
mm,C4767,Mohammed Said El Shaikh,,
mm,C4768,Ibrahim El Sayed Moubark,,
mm,C4771,Mamdouh Ibrahim Saber,,
mm,C4772,Mostafa Farouk Darwesh,,
mm,C4773,Mohammed Atta Mohmmed Ahmed,,
mm,C4774,Mohammed Atta Ali,,
mm,C4776,Belal Ragb A/ Aziz,,
mm,C4869,Mahmoud Gomha Abd El Mageed,,
mm,C49177,Ashraf Ahmed Ahmed Kenawi,,
mm,C4927,Hamdy Ahmed Abu El Maged,,
mm,C4928,Ahmed Mohamed Rashwan,,
mm,C4929,AHMED Mahmoud Mohamed,,
mm,C54135,Housaen A Hamed A Rahman,,
mm,C59702,Mohamed Ibrahim Sayed,,
mm,C59763,Mohamed Hamed Moh Ali,,
mm,C6064,Ahmed Hares Rashedy,,
mm,C6156,Mohamed Kanawy Mahmoud,,
mm,C6160,Glal Mohamed Abdelrhman,,
mm,C6166,Ibrahim Ahmed Mohamed Khlefa,,
mm,C6168,Mohamed Fathy Said,,
mm,C6180,Islam Mouwed Gharieb,,
mm,C63024,Hosam Mohamed Aboelwafa,,
mm,C6312,Hetham Reda Ibrahim,,
mm,C6336,Mostafa Gaber Awadalla,,
mm,C66525,Alaa Mohamed A Adey,,
mm,C68605,Saied Mostafa Elshek,,
mm,C68996,Ahmed Aly Abbady Mah,,
mm,C70526,Akraj Mohamed Ahmed,,
mm,C7069,Abeid Desouku Mohamed,,
mm,C7075,Farag Abo Elela Mohamed,,
mm,C72344,Abd El Rahim A Khader Hassan,,
mm,C8197,Mosa Aly Abo Elnaga,,
mm,C82605,Mohamed Hassan Aly Aly,,
mm,C86228,Abd El Bary Basuony Housen,,
mm,C86605,Khaled A Rehim Farahat,,
mm,C8954,Samir Galal Abo Elhassan,,
mm,C92397,Hany A Waham Mohamed,,
mm,C94670,Mahmoud Ahmed Mah,,
mm,C95143,Ahmed Hoseen Hilal,,
mm,C95224,Moustafa Mousa Elsayed,,
mm,C95479,Fekry Talat Aly,,
pu,EMC-073,Shahat Taha Imbaby,,
pu,EMC-074,Ahmed Mohamed Besher,,
pu,EMC-075,Sherif Ibrahim Ibrahim Abu Zaid,,
pu,EMC-076,Mohamed Massad El Sayed Ahmed,,
pu,EMC-083,Mustafa Said Nustafa El Sheikh,,
pu,EMC-084,Mahmoud Ahmed Fouad Saad,,
pu,EMC-085,Husien Mohamed Said,,
pu,EMC-086,Mohamed Atta Ali,,
pu,EMC-087,Hamada Mohamed Ahmed,,
pu,EMC-088,Ahmed Saleh Mostafa,,
pu,EMC-3656,Walied Mohamed Fouad,,
